{"c55f8": 0.2747126509379182, "16f4b": 0.2641057339915393, "1fbe4": 0.3423817515126062, "93c14": 0.25918823640484856, "ec812": 0.310917372097968, "96adf": 0.3069623057182011, "55cd4": 0.36991280581790326, "c5785": 0.44766522420345717, "76230": 0.3103970433057103, "30a32": 0.34771493415410615, "c8574": 0.3228371297047851, "a2849": 0.319250885645413, "f220c": 0.21640373062635132, "e2472": 0.3083771113991606, "d7a46": 0.2719654577284699, "0f352": 0.25220653074031774, "b0455": 0.32742191175358565}