{"c55f8": 400320.94182825484, "16f4b": 1041540.7442241223, "1fbe4": 118380.94693770948, "93c14": 164520.9660247527, "ec812": 291420.915132268, "96adf": 191340.97977359747, "55cd4": 101100.96292474201, "c5785": 119400.94810373257, "76230": 9780.93166287016, "30a32": 384900.9792935118, "c8574": 68580.96909475002, "a2849": 83580.95107556922, "f220c": 887940.5474365117, "e2472": 42840.96343733711, "d7a46": 131340.62651685392, "0f352": 45300.94729241877, "b0455": 29940.94236016371}