{"c55f8": 0.794912559618442, "16f4b": 0.3625701624815362, "1fbe4": 0.8720436142066864, "93c14": 0.8541129747771347, "ec812": 0.786133039238449, "96adf": 0.9001299992352986, "55cd4": 0.9237474345044067, "c5785": 0.8947234403734616, "76230": 0.8290540540540541, "30a32": 0.8355302302164859, "c8574": 0.927616551207639, "a2849": 0.9069566086116754, "f220c": 0.19743379271611872, "e2472": 0.9147988404157533, "d7a46": 0.3158133212505664, "0f352": 0.6130841121495327, "b0455": 0.8053045759253862}