{"c55f8": 0.8083700440528634, "16f4b": 0.43455235284818466, "1fbe4": 0.8843794606689557, "93c14": 0.8632538569424965, "ec812": 0.8118389767975732, "96adf": 0.909226265583203, "55cd4": 0.9332248709061328, "c5785": 0.906164253307615, "76230": 0.8333333333333334, "30a32": 0.8464944146762329, "c8574": 0.9341205717837165, "a2849": 0.9195003692643612, "f220c": 0.3117813946543228, "e2472": 0.9208036204059243, "d7a46": 0.4203516249334044, "0f352": 0.6349975763451284, "b0455": 0.8240584598088814}