{"c55f8": 0.809389966946237, "16f4b": 0.43540237221424394, "1fbe4": 0.8843794606689557, "93c14": 0.8632538569424965, "ec812": 0.8122934199927784, "96adf": 0.909226265583203, "55cd4": 0.9332248709061328, "c5785": 0.906164253307615, "76230": 0.8393881453154876, "30a32": 0.8464944146762329, "c8574": 0.9341205717837165, "a2849": 0.9195003692643612, "f220c": 0.311612927386436, "e2472": 0.9208036204059243, "d7a46": 0.4181068342498036, "0f352": 0.6349975763451284, "b0455": 0.8240584598088814}