{"c55f8": 0.8045106079515065, "16f4b": 0.4331984869181465, "1fbe4": 0.8780049684693293, "93c14": 0.8583675143560295, "ec812": 0.80066544038087, "96adf": 0.901951951951952, "55cd4": 0.926366349561649, "c5785": 0.8996385802136153, "76230": 0.8388535031847134, "30a32": 0.8383854283786822, "c8574": 0.9296963084197126, "a2849": 0.9111040407254216, "f220c": 0.31004642525533893, "e2472": 0.9176575099084324, "d7a46": 0.4242135367016206, "0f352": 0.6258472661545413, "b0455": 0.8144444444444444}