{"c55f8": 0.8095804086026328, "16f4b": 0.4334831637883448, "1fbe4": 0.8833730677535954, "93c14": 0.8624356068411292, "ec812": 0.8091137718003389, "96adf": 0.9086142133259384, "55cd4": 0.9321914594087283, "c5785": 0.906164253307615, "76230": 0.8393881453154876, "30a32": 0.8464944146762329, "c8574": 0.933703473718815, "a2849": 0.9195003692643612, "f220c": 0.31015009659681975, "e2472": 0.9208036204059243, "d7a46": 0.42567438301128757, "0f352": 0.6295454545454545, "b0455": 0.8240584598088814}