{"c55f8": {"sleepEfficiency": 0.8083700440528634, "totalSleepTime": 2135940.0, "totalMinutesInBed": 2642280.0}, "16f4b": {"sleepEfficiency": 0.43455235284818466, "totalSleepTime": 989580.0, "totalMinutesInBed": 2277240.0}, "1fbe4": {"sleepEfficiency": 0.8843794606689557, "totalSleepTime": 1375440.0, "totalMinutesInBed": 1555260.0}, "93c14": {"sleepEfficiency": 0.8632538569424965, "totalSleepTime": 1255620.0, "totalMinutesInBed": 1454520.0}, "ec812": {"sleepEfficiency": 0.8118389767975732, "totalSleepTime": 1782360.0, "totalMinutesInBed": 2195460.0}, "96adf": {"sleepEfficiency": 0.909226265583203, "totalSleepTime": 2161740.0, "totalMinutesInBed": 2377560.0}, "55cd4": {"sleepEfficiency": 0.9332248709061328, "totalSleepTime": 2374740.0, "totalMinutesInBed": 2544660.0}, "c5785": {"sleepEfficiency": 0.906164253307615, "totalSleepTime": 2001300.0, "totalMinutesInBed": 2208540.0}, "76230": {"sleepEfficiency": 0.8333333333333334, "totalSleepTime": 100800.0, "totalMinutesInBed": 120960.0}, "30a32": {"sleepEfficiency": 0.8464944146762329, "totalSleepTime": 2236980.0, "totalMinutesInBed": 2642640.0}, "c8574": {"sleepEfficiency": 0.9341205717837165, "totalSleepTime": 1533060.0, "totalMinutesInBed": 1641180.0}, "a2849": {"sleepEfficiency": 0.9195003692643612, "totalSleepTime": 1718160.0, "totalMinutesInBed": 1868580.0}, "f220c": {"sleepEfficiency": 0.3117813946543228, "totalSleepTime": 501120.0, "totalMinutesInBed": 1607280.0}, "e2472": {"sleepEfficiency": 0.9208036204059243, "totalSleepTime": 805740.0, "totalMinutesInBed": 875040.0}, "d7a46": {"sleepEfficiency": 0.4203516249334044, "totalSleepTime": 142020.0, "totalMinutesInBed": 337860.0}, "0f352": {"sleepEfficiency": 0.6349975763451284, "totalSleepTime": 78600.0, "totalMinutesInBed": 123780.0}, "b0455": {"sleepEfficiency": 0.8240584598088814, "totalSleepTime": 175920.0, "totalMinutesInBed": 213480.0}}