{"c55f8": [0.2747126509379182, 0.12816708983114034], "16f4b": [0.2641057339915393, 0.7335510597793339], "1fbe4": [0.3423817515126062, 0.06478425215890293], "93c14": [0.25918823640484856, 0.10669709488624368], "ec812": [0.310917372097968, 0.49631835658071577], "96adf": [0.3069623057182011, 0.18726246320154627], "55cd4": [0.36991280581790326, 0.1924986739399951], "c5785": [0.44766522420345717, 0.0066007279801044705], "76230": [0.3103970433057103, 0.0036678890880577075], "30a32": [0.34771493415410615, 0.0426766381926631], "c8574": [0.3228371297047851, 0.05923075019209978], "a2849": [0.319250885645413, 0.034764753917060354], "f220c": [0.21640373062635132, 0.5173378801360963], "e2472": [0.3083771113991606, 0.01772265330409084], "d7a46": [0.2719654577284699, 0.14239255465744594], "0f352": [0.25220653074031774, 0.6592407622442333], "b0455": [0.32742191175358565, 0.0038831463172551706]} 