{"c55f8": [0.2706337943539945, 0.09482792680348995], "16f4b": [0.26325568823218115, 0.49507510662916343], "1fbe4": [0.34213058690881964, 0.03787951836926284], "93c14": [0.257395010288935, 0.04618716648329202], "ec812": [0.30885133087015315, 0.04978254483655953], "96adf": [0.30244025870541924, 0.11715785589873073], "55cd4": [0.36955838390053786, 0.061395135801802114], "c5785": [0.44663500003552936, 0.006744963724396591], "76230": [0.31860149468711385, 0.010103466397284766], "30a32": [0.3457523778068251, 0.04241704401782376], "c8574": [0.31805870781791984, 0.004788239103068692], "a2849": [0.31471202356099004, 0.03501242879180455], "f220c": [0.21639849856897886, 0.496099964215735], "e2472": [0.3018659613018522, 0.017642613566236642], "d7a46": [0.2759706525821749, 0.11075964040731989], "0f352": [0.24208326857591755, 0.1233185734646739], "b0455": [0.3270009762729555, 0.0021020995303461243]}