{"c55f8": {"roomUsageDiceMean": 0.2706337943539945, "sleepScheduleVarianceSum": 0.09482792680348995}, "16f4b": {"roomUsageDiceMean": 0.26325568823218115, "sleepScheduleVarianceSum": 0.49507510662916343}, "1fbe4": {"roomUsageDiceMean": 0.34213058690881964, "sleepScheduleVarianceSum": 0.03787951836926284}, "93c14": {"roomUsageDiceMean": 0.257395010288935, "sleepScheduleVarianceSum": 0.04618716648329202}, "ec812": {"roomUsageDiceMean": 0.30885133087015315, "sleepScheduleVarianceSum": 0.04978254483655953}, "96adf": {"roomUsageDiceMean": 0.30244025870541924, "sleepScheduleVarianceSum": 0.11715785589873073}, "55cd4": {"roomUsageDiceMean": 0.36955838390053786, "sleepScheduleVarianceSum": 0.061395135801802114}, "c5785": {"roomUsageDiceMean": 0.44663500003552936, "sleepScheduleVarianceSum": 0.006744963724396591}, "76230": {"roomUsageDiceMean": 0.31860149468711385, "sleepScheduleVarianceSum": 0.010103466397284766}, "30a32": {"roomUsageDiceMean": 0.3457523778068251, "sleepScheduleVarianceSum": 0.04241704401782376}, "c8574": {"roomUsageDiceMean": 0.31805870781791984, "sleepScheduleVarianceSum": 0.004788239103068692}, "a2849": {"roomUsageDiceMean": 0.31471202356099004, "sleepScheduleVarianceSum": 0.03501242879180455}, "f220c": {"roomUsageDiceMean": 0.21639849856897886, "sleepScheduleVarianceSum": 0.496099964215735}, "e2472": {"roomUsageDiceMean": 0.3018659613018522, "sleepScheduleVarianceSum": 0.017642613566236642}, "d7a46": {"roomUsageDiceMean": 0.2759706525821749, "sleepScheduleVarianceSum": 0.11075964040731989}, "0f352": {"roomUsageDiceMean": 0.24208326857591755, "sleepScheduleVarianceSum": 0.1233185734646739}, "b0455": {"roomUsageDiceMean": 0.3270009762729555, "sleepScheduleVarianceSum": 0.0021020995303461243}}