{"c55f8": {"sleepSchedule": {"wake": 0.044860370372318936, "sleep": 0.04996755643117101}, "roomUsage": {"Kitchen": 0.8187669866452283, "Bedroom": 0.5143171139625823, "Bathroom": 0.020084871162161923, "Lounge": 0, "Hallway": 0}, "totalSleepTime": 2135940.0, "totalMinutesInBed": 2642280.0, "sleepEfficiency": 0.8083700440528634}, "16f4b": {"sleepSchedule": {"wake": 0.12181847763579501, "sleep": 0.3732566289933684}, "roomUsage": {"Kitchen": 0.33662208071830485, "Bedroom": 0.4085145984376452, "Bathroom": 0.2113754667167735, "Lounge": 0, "Hallway": 0.3597662952881821}, "totalSleepTime": 989580.0, "totalMinutesInBed": 2277240.0, "sleepEfficiency": 0.43455235284818466}, "1fbe4": {"sleepSchedule": {"wake": 0.024772986185901957, "sleep": 0.013106532183360886}, "roomUsage": {"Kitchen": 0.5181666605113646, "Bedroom": 0.7087258298212383, "Bathroom": 0.08939877752672759, "Lounge": 0.22840311892963644, "Hallway": 0.1659585477551314}, "totalSleepTime": 1375440.0, "totalMinutesInBed": 1555260.0, "sleepEfficiency": 0.8843794606689557}, "93c14": {"sleepSchedule": {"wake": 0.023867304156209634, "sleep": 0.022319862327082385}, "roomUsage": {"Kitchen": 0.15242613467861987, "Bedroom": 0.5708890698062474, "Bathroom": 0.03169075582593627, "Lounge": 0.27924178651624293, "Hallway": 0.2527273046176286}, "totalSleepTime": 1255620.0, "totalMinutesInBed": 1454520.0, "sleepEfficiency": 0.8632538569424965}, "ec812": {"sleepSchedule": {"wake": 0.01991668309496919, "sleep": 0.029865861741590338}, "roomUsage": {"Kitchen": 0.24575523190962353, "Bedroom": 0.5790918074547712, "Bathroom": 0.08080175899540015, "Lounge": 0.3113719328436304, "Hallway": 0.32723592314734046}, "totalSleepTime": 1782360.0, "totalMinutesInBed": 2195460.0, "sleepEfficiency": 0.8118389767975732}, "96adf": {"sleepSchedule": {"wake": 0.02667836622903519, "sleep": 0.09047948966969555}, "roomUsage": {"Kitchen": 0.11292753912913446, "Bedroom": 0.5827866704834431, "Bathroom": 0.1182722471405825, "Lounge": 0.45005699098890606, "Hallway": 0.2481578457850301}, "totalSleepTime": 2161740.0, "totalMinutesInBed": 2377560.0, "sleepEfficiency": 0.909226265583203}, "55cd4": {"sleepSchedule": {"wake": 0.034494381053612355, "sleep": 0.02690075474818976}, "roomUsage": {"Kitchen": 0.3595596808023581, "Bedroom": 0.7418409486264389, "Bathroom": 0.012073264178695335, "Lounge": 0.35325306820110475, "Hallway": 0.38106495769409204}, "totalSleepTime": 2374740.0, "totalMinutesInBed": 2544660.0, "sleepEfficiency": 0.9332248709061328}, "c5785": {"sleepSchedule": {"wake": 0.003102647028874972, "sleep": 0.003642316695521619}, "roomUsage": {"Kitchen": 0.2911885666872051, "Bedroom": 0.8305954203403186, "Bathroom": 0.05495985043579568, "Lounge": 0.6420178204006963, "Hallway": 0.41441334231363114}, "totalSleepTime": 2001300.0, "totalMinutesInBed": 2208540.0, "sleepEfficiency": 0.906164253307615}, "76230": {"sleepSchedule": {"wake": 0.0037257961707659604, "sleep": 0.006377670226518806}, "roomUsage": {"Kitchen": 0.20543709294639861, "Bedroom": 0.6052398572951604, "Bathroom": 0.14387905630502548, "Lounge": 0.5122015117940518, "Hallway": 0.1262499550949329}, "totalSleepTime": 100800.0, "totalMinutesInBed": 120960.0, "sleepEfficiency": 0.8333333333333334}, "30a32": {"sleepSchedule": {"wake": 0.023518786210891873, "sleep": 0.018898257806931884}, "roomUsage": {"Kitchen": 0.1867123891047878, "Bedroom": 0.63100212815837, "Bathroom": 0.20527877308212766, "Lounge": 0.5753273046141253, "Hallway": 0.13044129407471453}, "totalSleepTime": 2236980.0, "totalMinutesInBed": 2642640.0, "sleepEfficiency": 0.8464944146762329}, "c8574": {"sleepSchedule": {"wake": 0.002037356259539602, "sleep": 0.00275088284352909}, "roomUsage": {"Kitchen": 0.27649570440225296, "Bedroom": 0.6356754069170262, "Bathroom": 0.07398084743361771, "Lounge": 0.4281972178388615, "Hallway": 0.17594436249784065}, "totalSleepTime": 1533060.0, "totalMinutesInBed": 1641180.0, "sleepEfficiency": 0.9341205717837165}, "a2849": {"sleepSchedule": {"wake": 0.008058161807767639, "sleep": 0.026954266984036912}, "roomUsage": {"Kitchen": 0.16380281627298782, "Bedroom": 0.674722405441483, "Bathroom": 0.10618013025398834, "Lounge": 0.42462832997694666, "Hallway": 0.2042264358595445}, "totalSleepTime": 1718160.0, "totalMinutesInBed": 1868580.0, "sleepEfficiency": 0.9195003692643612}, "f220c": {"sleepSchedule": {"wake": 0.2685528860130094, "sleep": 0.22754707820272557}, "roomUsage": {"Kitchen": 0, "Bedroom": 0.7898245687685767, "Bathroom": 0.031131619659522974, "Lounge": 0.0, "Hallway": 0.2610363044167946}, "totalSleepTime": 501120.0, "totalMinutesInBed": 1607280.0, "sleepEfficiency": 0.3117813946543228}, "e2472": {"sleepSchedule": {"wake": 0.009904175519289349, "sleep": 0.0077384380469472935}, "roomUsage": {"Kitchen": 0.36519196369182916, "Bedroom": 0.6209974847700249, "Bathroom": 0.10132540156063256, "Lounge": 0.31529828186045616, "Hallway": 0.10651667462631811}, "totalSleepTime": 805740.0, "totalMinutesInBed": 875040.0, "sleepEfficiency": 0.9208036204059243}, "d7a46": {"sleepSchedule": {"wake": 0.023674332423426314, "sleep": 0.08708530798389358}, "roomUsage": {"Kitchen": 0.18718247543762603, "Bedroom": 0.5666958908624858, "Bathroom": 0.03234052223603693, "Lounge": 0.35572550414457826, "Hallway": 0.23790887023014753}, "totalSleepTime": 142020.0, "totalMinutesInBed": 337860.0, "sleepEfficiency": 0.4203516249334044}, "0f352": {"sleepSchedule": {"wake": 0.016145815293924226, "sleep": 0.10717275817074967}, "roomUsage": {"Kitchen": 0, "Bedroom": 0.3854402811411797, "Bathroom": 0.3414433703637766, "Lounge": 0.37385990934564084, "Hallway": 0.10967278202899071}, "totalSleepTime": 78600.0, "totalMinutesInBed": 123780.0, "sleepEfficiency": 0.6349975763451284}, "b0455": {"sleepSchedule": {"wake": 0.0010931042869971597, "sleep": 0.0010089952433489646}, "roomUsage": {"Kitchen": 0.4597275038032247, "Bedroom": 0.7095837290427425, "Bathroom": 0.04357745083910085, "Lounge": 0.16667644658863795, "Hallway": 0.2554397510910716}, "totalSleepTime": 175920.0, "totalMinutesInBed": 213480.0, "sleepEfficiency": 0.8240584598088814}}