{
    "Shapiro-Wilk test for normality": {
        "routine": {
            "Statistics": 0.712448000907898,
            "p-value": 0.0003387321485206485
        },
        "no_routine": "Not enough data points for normality test (less than 3)."
    },
    "Levene's test for homogeneity of variances": {
        "Statistics": 0.06275960530234832,
        "p-value": 0.8055852148839816
    }
}