{"mean_variance": 439.27005380032915, "std_variance": 579.8101207175192, "mean_std_dev": 17.658754170911333, "std_std_dev": 11.3021687000928, "mean_coef_var": 0.42456470811269764, "std_coef_var": 0.22187253254248948}