{"c55f8": [0.2747126509379182, 0.06408354491557017], "16f4b": [0.2641057339915393, 0.36677552988966694], "1fbe4": [0.3423817515126062, 0.032392126079451466], "93c14": [0.25918823640484856, 0.05334854744312184], "ec812": [0.310917372097968, 0.24815917829035788], "96adf": [0.3069623057182011, 0.09363123160077313], "55cd4": [0.36991280581790326, 0.09624933696999755], "c5785": [0.44766522420345717, 0.0033003639900522352], "76230": [0.3103970433057103, 0.0018339445440288538], "30a32": [0.34771493415410615, 0.02133831909633155], "c8574": [0.3228371297047851, 0.02961537509604989], "a2849": [0.319250885645413, 0.017382376958530177], "f220c": [0.21640373062635132, 0.25866894006804814], "e2472": [0.3083771113991606, 0.00886132665204542], "d7a46": [0.2719654577284699, 0.07119627732872297], "0f352": [0.25220653074031774, 0.32962038112211667], "b0455": [0.32742191175358565, 0.0019415731586275853]}