{"mean_std_dev": 18.15067109226677, "std_std_dev": 11.415569897234905, "mean_coef_var": 0.42803531510812726, "std_coef_var": 0.21203190267681304, "stationary_percentage": 71.22969837587007}