{
    "Mann-Whitney U test": {
        "U Statistic": 29.0,
        "p-value": 0.029411764705882353,
        "Rank-Biserial Correlation (Effect Size)": 0.9333333333333333,
        "Power": 0.21319173947749076
    }
}