{"t-statistic": 2.768492079863895, "p-value": 0.03070717639666508, "Cohen's d": 1.4713002862241742, "Power": 0.7967792721158833}